-- phpMyAdmin SQL Dump
-- version 5.2.0
-- https://www.phpmyadmin.net/
--
-- Host: 127.0.0.1
-- Generation Time: Aug 27, 2023 at 06:17 PM
-- Server version: 10.4.27-MariaDB
-- PHP Version: 7.4.33

SET SQL_MODE = "NO_AUTO_VALUE_ON_ZERO";
START TRANSACTION;
SET time_zone = "+00:00";


/*!40101 SET @OLD_CHARACTER_SET_CLIENT=@@CHARACTER_SET_CLIENT */;
/*!40101 SET @OLD_CHARACTER_SET_RESULTS=@@CHARACTER_SET_RESULTS */;
/*!40101 SET @OLD_COLLATION_CONNECTION=@@COLLATION_CONNECTION */;
/*!40101 SET NAMES utf8mb4 */;

--
-- Database: `data_warehouse`
--

-- --------------------------------------------------------

--
-- Table structure for table `data`
--

CREATE TABLE `data` (
  `no` int(11) DEFAULT NULL,
  `waktu` date DEFAULT NULL,
  `staf` varchar(255) DEFAULT NULL,
  `produk` varchar(255) DEFAULT NULL,
  `sektor_usaha` varchar(255) DEFAULT NULL,
  `bank` varchar(255) DEFAULT NULL,
  `cabang` varchar(255) DEFAULT NULL,
  `unit` varchar(255) DEFAULT NULL,
  `nama_nasabah` varchar(255) DEFAULT NULL,
  `penyebab_klaim` varchar(255) DEFAULT NULL,
  `status` varchar(255) DEFAULT NULL
) ENGINE=InnoDB DEFAULT CHARSET=utf8mb4 COLLATE=utf8mb4_general_ci;

--
-- Dumping data for table `data`
--

INSERT INTO `data` (`no`, `waktu`, `staf`, `produk`, `sektor_usaha`, `bank`, `cabang`, `unit`, `nama_nasabah`, `penyebab_klaim`, `status`) VALUES
(1, '2019-10-07', 'FAHMI', 'KR2', 'KREDIT INVESTASI', 'BANK RAKYAT INDONESIA', 'PASIR PANGARAIAN', 'TANJUNG MEDAN', 'JULHAM EDI', 'MACET', 'DISETUJUI'),
(2, '2019-09-08', 'FAHMI', 'KR2', 'KREDIT INVESTASI', 'BANK RAKYAT INDONESIA', 'PASIR PANGARAIAN', 'KOTA TENGAH', 'SAFEE MUHAMMAD SALEH', 'MACET', 'DISETUJUI'),
(3, '2019-09-08', 'FAHMI', 'KR2', 'KREDIT INVESTASI', 'BANK RAKYAT INDONESIA', 'PASIR PANGARAIAN', 'KOTA TENGAH', 'ARBANIYAH', 'MACET', 'DISETUJUI'),
(4, '2019-09-08', 'FAHMI', 'KR2', 'KREDIT INVESTASI', 'BANK RAKYAT INDONESIA', 'PASIR PANGARAIAN', 'KOTA TENGAH', 'JUNED MURSAL', 'MACET', 'DISETUJUI'),
(5, '2019-09-08', 'FAHMI', 'KR2', 'KREDIT INVESTASI', 'BANK RAKYAT INDONESIA', 'PASIR PANGARAIAN', 'KOTA TENGAH', 'HERU', 'MACET', 'DISETUJUI'),
(6, '2019-06-13', 'FAHMI', 'KR2', 'KREDIT INVESTASI', 'BANK RAKYAT INDONESIA', 'PASIR PANGARAIAN', 'RANTAU KASAI', 'HARDI BESARI', 'MACET', 'DISETUJUI'),
(7, '2019-08-11', 'FAHMI', 'KR2', 'KREDIT INVESTASI', 'BANK RAKYAT INDONESIA', 'PASIR PANGARAIAN', 'DALU-DALU', 'AHMAD SUBIANTO', 'MACET', 'DISETUJUI'),
(8, '2019-08-11', 'FAHMI', 'KR2', 'KREDIT INVESTASI', 'BANK RAKYAT INDONESIA', 'PASIR PANGARAIAN', 'RANTAU KASAI', 'SUMARTONO', 'MACET', 'DITOLAK'),
(9, '2019-08-11', 'FAHMI', 'KR2', 'KREDIT INVESTASI', 'BANK RAKYAT INDONESIA', 'PASIR PANGARAIAN', 'RANTAU KASAI', 'ABDUL RAHIM ARIS', 'MACET', 'DISETUJUI'),
(10, '2019-10-15', 'FAHMI', 'KR2', 'KREDIT INVESTASI', 'BANK RAKYAT INDONESIA', 'PASIR PANGARAIAN', 'PASIR PENGARAIAN I', 'AMSAR ABDILLAH', 'MACET', 'DITOLAK'),
(11, '2019-10-08', 'FAHMI', 'KR2', 'KREDIT MODAL KERJA', 'BANK RAKYAT INDONESIA', 'RENGAT', 'GERBANGSARI BELILAS', 'FRANCISKA NARA', 'MACET', 'DISETUJUI'),
(12, '2019-10-08', 'FAHMI', 'KR2', 'KREDIT MODAL KERJA', 'BANK RAKYAT INDONESIA', 'RENGAT', 'GERBANGSARI BELILAS', 'PAULUS PURBA TANDANG', 'MACET', 'DISETUJUI'),
(13, '2019-10-08', 'FAHMI', 'KR2', 'KREDIT MODAL KERJA', 'BANK RAKYAT INDONESIA', 'RENGAT', 'GERBANGSARI BELILAS', 'HARKEMRI ERICK SUSAMANTO', 'MACET', 'DISETUJUI'),
(14, '2019-10-08', 'FAHMI', 'KR2', 'KREDIT MODAL KERJA', 'BANK RAKYAT INDONESIA', 'RENGAT', 'GERBANGSARI BELILAS', 'FAIZUL HENDRAWAN', 'MACET', 'DISETUJUI'),
(15, '2019-12-01', 'FAHMI', 'KR2', 'KREDIT MODAL KERJA', 'BANK RAKYAT INDONESIA', 'RENGAT', 'BATANG CENAKU', 'SUGENG ANTO', 'MACET', 'DISETUJUI'),
(16, '2019-09-05', 'FAHMI', 'KUPRA', 'KREDIT INVESTASI', 'BANK RAKYAT INDONESIA', 'RENGAT', 'BATANG CENAKU', 'USMAN OMAN', 'MACET', 'DISETUJUI'),
(17, '2019-07-02', 'FAHMI', 'KR2', 'KREDIT INVESTASI', 'BANK RAKYAT INDONESIA', 'TEMBILAHAN', 'BERJAYA', 'SAMSUAR NASUTION', 'MACET', 'DISETUJUI'),
(18, '2019-12-16', 'FAHMI', 'KR2', 'KREDIT INVESTASI', 'BANK RAKYAT INDONESIA', 'TEMBILAHAN', 'PULAU BURUNG', 'AHMAD ', 'MACET', 'DISETUJUI'),
(19, '2019-12-16', 'FAHMI', 'KR2', 'KREDIT INVESTASI', 'BANK RAKYAT INDONESIA', 'TEMBILAHAN', 'PULAU BURUNG', 'KARNI', 'MACET', 'DISETUJUI'),
(20, '2019-12-16', 'FAHMI', 'KR2', 'KREDIT INVESTASI', 'BANK RAKYAT INDONESIA', 'TEMBILAHAN', 'PULAU BURUNG', 'DADANG MURWANTO', 'MACET', 'DISETUJUI'),
(21, '2019-12-16', 'FAHMI', 'KR2', 'KREDIT INVESTASI', 'BANK RAKYAT INDONESIA', 'TEMBILAHAN', 'PULAU BURUNG', 'LIMBONG', 'MACET', 'DISETUJUI'),
(22, '2019-06-17', 'FAHMI', 'KR2', 'KREDIT MODAL KERJA', 'BANK RAKYAT INDONESIA', 'TEMBILAHAN', 'TELUK PINANG', 'WAHYU MAREM', 'MACET', 'DISETUJUI'),
(23, '2019-06-17', 'FAHMI', 'KR2', 'KREDIT INVESTASI', 'BANK RAKYAT INDONESIA', 'TEMBILAHAN', 'TELUK PINANG', 'MEMEN', 'MACET', 'DISETUJUI'),
(24, '2019-06-17', 'FAHMI', 'KR2', 'KREDIT INVESTASI', 'BANK RAKYAT INDONESIA', 'TEMBILAHAN', 'TELUK PINANG', 'SABIRIN', 'MACET', 'DISETUJUI'),
(25, '2019-06-17', 'FAHMI', 'KR2', 'KREDIT MODAL KERJA', 'BANK RAKYAT INDONESIA', 'TEMBILAHAN', 'TELUK PINANG', 'ASMA NUGRAHA', 'MACET', 'DISETUJUI'),
(26, '2019-06-17', 'FAHMI', 'KR2', 'KREDIT INVESTASI', 'BANK RAKYAT INDONESIA', 'TEMBILAHAN', 'TELUK PINANG', 'HASAN BASKO', 'MACET', 'DISETUJUI'),
(27, '2019-12-29', 'FAHMI', 'KR2', 'KREDIT MODAL KERJA', 'BANK RAKYAT INDONESIA', 'TEMBILAHAN', 'TELUK PINANG', 'BENTO', 'MACET', 'DISETUJUI'),
(28, '2019-12-29', 'FAHMI', 'KR2', 'KREDIT MODAL KERJA', 'BANK RAKYAT INDONESIA', 'TEMBILAHAN', 'TELUK PINANG', 'SUKIMAN', 'MACET', 'DISETUJUI'),
(29, '2019-12-29', 'FAHMI', 'KR2', 'KREDIT MODAL KERJA', 'BANK RAKYAT INDONESIA', 'TEMBILAHAN', 'TELUK PINANG', 'M ANIES', 'MACET', 'DISETUJUI'),
(30, '2019-12-29', 'FAHMI', 'KR2', 'KREDIT MODAL KERJA', 'BANK RAKYAT INDONESIA', 'TEMBILAHAN', 'TELUK PINANG', 'PANTUN SISWARNO', 'MACET', 'DISETUJUI'),
(31, '2019-12-29', 'FAHMI', 'KR2', 'KREDIT MODAL KERJA', 'BANK RAKYAT INDONESIA', 'TEMBILAHAN', 'TELUK PINANG', 'NURIATI', 'MACET', 'DISETUJUI'),
(32, '2019-12-29', 'FAHMI', 'KR2', 'KREDIT MODAL KERJA', 'BANK RAKYAT INDONESIA', 'TEMBILAHAN', 'TELUK PINANG', 'SUKIMAN', 'MACET', 'DISETUJUI'),
(33, '2019-12-29', 'FAHMI', 'KR2', 'KREDIT MODAL KERJA', 'BANK RAKYAT INDONESIA', 'TEMBILAHAN', 'TELUK PINANG', 'RAFLI ', 'MACET', 'DISETUJUI'),
(34, '2019-12-29', 'FAHMI', 'KR2', 'KREDIT MODAL KERJA', 'BANK RAKYAT INDONESIA', 'TEMBILAHAN', 'TELUK PINANG', 'SABARANI', 'MACET', 'DISETUJUI'),
(35, '2019-12-29', 'FAHMI', 'KR2', 'KREDIT MODAL KERJA', 'BANK RAKYAT INDONESIA', 'TEMBILAHAN', 'TELUK PINANG', 'ABDUL AZMI', 'MACET', 'DISETUJUI'),
(36, '2019-12-29', 'FAHMI', 'KR2', 'KREDIT MODAL KERJA', 'BANK RAKYAT INDONESIA', 'TEMBILAHAN', 'TELUK PINANG', 'LANISIA', 'MACET', 'DISETUJUI'),
(37, '2019-12-29', 'FAHMI', 'KR2', 'KREDIT MODAL KERJA', 'BANK RAKYAT INDONESIA', 'TEMBILAHAN', 'TELUK PINANG', 'MASDUN', 'MACET', 'DISETUJUI'),
(38, '2019-12-29', 'FAHMI', 'KR2', 'KREDIT MODAL KERJA', 'BANK RAKYAT INDONESIA', 'TEMBILAHAN', 'TELUK PINANG', 'ARIPIN HUTAGALUNG', 'MACET', 'DISETUJUI'),
(39, '2019-12-29', 'FAHMI', 'KR2', 'KREDIT MODAL KERJA', 'BANK RAKYAT INDONESIA', 'TEMBILAHAN', 'TELUK PINANG', 'SUMARWOTO', 'MACET', 'DISETUJUI'),
(40, '2019-12-29', 'FAHMI', 'KR2', 'KREDIT MODAL KERJA', 'BANK RAKYAT INDONESIA', 'TEMBILAHAN', 'TELUK PINANG', 'AZHARI PURIKA', 'MACET', 'DISETUJUI'),
(41, '2019-12-29', 'FAHMI', 'KR2', 'KREDIT MODAL KERJA', 'BANK RAKYAT INDONESIA', 'TEMBILAHAN', 'TELUK PINANG', 'SYAFRIJIRIN', 'MACET', 'DISETUJUI'),
(42, '2019-12-29', 'FAHMI', 'KR2', 'KREDIT MODAL KERJA', 'BANK RAKYAT INDONESIA', 'TEMBILAHAN', 'TELUK PINANG', 'SURIANTI', 'MACET', 'DISETUJUI'),
(43, '2019-12-29', 'FAHMI', 'KR2', 'KREDIT MODAL KERJA', 'BANK RAKYAT INDONESIA', 'TEMBILAHAN', 'TELUK PINANG', 'ERIL YANTI', 'MACET', 'DISETUJUI'),
(44, '2019-12-29', 'FAHMI', 'KR2', 'KREDIT MODAL KERJA', 'BANK RAKYAT INDONESIA', 'TEMBILAHAN', 'TELUK PINANG', 'WISNU WIDODO PRABOWO', 'MACET', 'DISETUJUI'),
(45, '2019-12-29', 'FAHMI', 'KR2', 'KREDIT MODAL KERJA', 'BANK RAKYAT INDONESIA', 'TEMBILAHAN', 'TELUK PINANG', 'HERIYARNI', 'MACET', 'DISETUJUI'),
(46, '2019-12-29', 'FAHMI', 'KR2', 'KREDIT MODAL KERJA', 'BANK RAKYAT INDONESIA', 'TEMBILAHAN', 'TELUK PINANG', 'SAMSURI HADAN', 'MACET', 'DISETUJUI'),
(47, '2019-12-29', 'FAHMI', 'KR2', 'KREDIT MODAL KERJA', 'BANK RAKYAT INDONESIA', 'TEMBILAHAN', 'TELUK PINANG', 'SULISTIANA ANISSA', 'MACET', 'DISETUJUI'),
(48, '2019-09-04', 'FAHMI', 'KR2', 'KREDIT INVESTASI', 'BANK RAKYAT INDONESIA', 'TEMBILAHAN', 'HARAPAN', 'YANTI DIANA', 'MACET', 'DISETUJUI'),
(49, '2019-04-03', 'FAHMI', 'KR2', 'KREDIT MODAL KERJA', 'BANK RAKYAT INDONESIA', 'TEMBILAHAN', 'BERJAYA', 'ARIS FAJAR SAFAR AHMAD', 'MACET', 'DISETUJUI'),
(50, '2019-02-10', 'FAHMI', 'KR2', 'KREDIT MODAL KERJA', 'BANK RAKYAT INDONESIA', 'TEMBILAHAN', 'BERJAYA', 'DAIM AKBAR', 'MACET', 'DISETUJUI'),
(51, '2019-11-13', 'FAHMI', 'KUPRA', 'KREDIT MODAL KERJA', 'BANK RAKYAT INDONESIA', 'TEMBILAHAN', 'TELUK PINANG', 'HAVENI APRILIA', 'MACET', 'DISETUJUI'),
(52, '2019-10-31', 'FAHMI', 'KUPRA', 'KREDIT MODAL KERJA', 'BANK RAKYAT INDONESIA', 'TEMBILAHAN', 'SUNGAI GUNTUNG', 'JUSMANADI', 'MACET', 'DISETUJUI'),
(53, '2019-02-20', 'FAHMI', 'KR2', 'KREDIT INVESTASI', 'BANK RAKYAT INDONESIA', 'TEMBILAHAN', 'TELUK PINANG', 'ABDULLAH', 'MACET', 'DITOLAK'),
(54, '2019-06-20', 'FAHMI', 'KR2', 'KREDIT MODAL KERJA', 'BANK RAKYAT INDONESIA', 'TUANKU TAMBUSAI', 'KUALU', 'DALIS MANTO', 'MACET', 'DITOLAK'),
(55, '2019-06-20', 'FAHMI', 'KR2', 'KREDIT MODAL KERJA', 'BANK RAKYAT INDONESIA', 'TUANKU TAMBUSAI', 'KUALU', 'YULI ANISTY', 'MACET', 'DITOLAK'),
(56, '2019-07-31', 'FAHMI', 'KR2', 'KREDIT INVESTASI', 'BANK RAKYAT INDONESIA', 'TUANKU TAMBUSAI', 'KUALU', 'SUHERMAN', 'MACET', 'DISETUJUI'),
(57, '2019-02-26', 'FAHMI', 'KR2', 'KREDIT MODAL KERJA', 'BANK RAKYAT INDONESIA', 'TUANKU TAMBUSAI', 'DELIMA', 'RUDI BUDI IRWANSYAH', 'MACET', 'DISETUJUI'),
(58, '2019-02-26', 'FAHMI', 'KR2', 'KREDIT MODAL KERJA', 'BANK RAKYAT INDONESIA', 'TUANKU TAMBUSAI', 'DELIMA', 'KASMAN PUTRA ANDINI', 'MACET', 'DISETUJUI'),
(59, '2019-03-17', 'FAHMI', 'KR2', 'KREDIT MODAL KERJA', 'BANK RAKYAT INDONESIA', 'TUANKU TAMBUSAI', 'PANTAI CERMIN', 'SUROTO ADITYA', 'MACET', 'DITOLAK'),
(60, '2019-10-01', 'FAHMI', 'KR2', 'KREDIT INVESTASI', 'BANK RAKYAT INDONESIA', 'TUANKU TAMBUSAI', 'KOTA BERTUAH', 'ARDISON TOGAR', 'MACET', 'DISETUJUI'),
(61, '2020-03-02', 'FAHMI', 'MULTIGUNA', 'KREDIT INVESTASI', 'BANK AGRONIAGA', 'KCP KASIKAN', 'N/A', 'LISTER SITI', 'MENINGGAL', 'DISETUJUI'),
(62, '2020-10-22', 'FAHMI', 'MULTIGUNA', 'MULTIGUNA', 'BANK AGRONIAGA', 'KCP KASIKAN', 'N/A', 'MUSLIMAT', 'MENINGGAL', 'DISETUJUI'),
(63, '2020-04-06', 'FAHMI', 'MULTIGUNA', 'KREDIT INVESTASI', 'BANK AGRONIAGA', 'KCP KASIKAN', 'N/A', 'ABDUL MUAZAM', 'MENINGGAL', 'DISETUJUI'),
(64, '2020-10-02', 'FAHMI', 'MULTIGUNA', 'MULTIGUNA', 'BANK AGRONIAGA', 'KCP UJUNG BATU', 'N/A', 'HIDAYATULLAH REZKY', 'MENINGGAL', 'DISETUJUI'),
(65, '2020-09-22', 'FAHMI', 'MULTIGUNA', 'MULTIGUNA', 'BANK AGRONIAGA', 'KCP UJUNG BATU', 'N/A', 'CHRIMSON NADEO NAPITUPULU', 'MENINGGAL', 'DISETUJUI'),
(66, '2020-06-19', 'FAHMI', 'MULTIGUNA', 'KREDIT INVESTASI', 'BANK AGRONIAGA', 'KCP UJUNG BATU', 'N/A', 'TUNGGU PARGAT', 'MACET', 'DISETUJUI'),
(67, '2020-06-19', 'FAHMI', 'MULTIGUNA', 'KREDIT MODAL KERJA', 'BANK AGRONIAGA', 'KCP UJUNG BATU', 'N/A', 'IMAM SYAPUTRA', 'MACET', 'DISETUJUI'),
(68, '2020-11-03', 'FAHMI', 'KR2', 'KREDIT MODAL KERJA', 'BANK RAKYAT INDONESIA', 'BANGKINANG', 'BANGKINANG KOTA', 'IRWAN SYAHIDI', 'MACET', 'DISETUJUI'),
(69, '2020-11-06', 'FAHMI', 'KR2', 'KREDIT MODAL KERJA', 'BANK RAKYAT INDONESIA', 'BANGKINANG', 'KUOK', 'AZRIL MAHENDRA', 'MACET', 'DISETUJUI'),
(70, '2020-11-06', 'FAHMI', 'KR2', 'KREDIT MODAL KERJA', 'BANK RAKYAT INDONESIA', 'BANGKINANG', 'KUOK', 'NURLAILY INDRI', 'MACET', 'DISETUJUI'),
(71, '2020-08-11', 'FAHMI', 'KR2', 'KREDIT INVESTASI', 'BANK RAKYAT INDONESIA', 'PASIR PANGARAIAN', 'DALU-DALU', 'PARIS SIREGAR', 'MACET', 'DISETUJUI'),
(72, '2020-11-27', 'FAHMI', 'KR2', 'KREDIT INVESTASI', 'BANK RAKYAT INDONESIA', 'PASIR PANGARAIAN', 'PASIR PENGARAIAN I', 'PANDU CAKRA', 'MACET', 'DISETUJUI'),
(73, '2020-11-27', 'FAHMI', 'KR2', 'KREDIT INVESTASI', 'BANK RAKYAT INDONESIA', 'PASIR PANGARAIAN', 'PASIR PENGARAIAN I', 'BUS TIO', 'MACET', 'DISETUJUI'),
(74, '2020-02-21', 'FAHMI', 'KR2', 'KREDIT MODAL KERJA', 'BANK RAKYAT INDONESIA', 'PASIR PANGARAIAN', 'DALU-DALU', 'APANDI MARJUKI', 'MACET', 'DITOLAK'),
(75, '2020-11-13', 'FAHMI', 'KR2', 'KREDIT MODAL KERJA', 'BANK RAKYAT INDONESIA', 'PASIR PANGARAIAN', 'DALU-DALU', 'RUSTIANA', 'MACET', 'DISETUJUI'),
(76, '2020-11-13', 'FAHMI', 'KR2', 'KREDIT INVESTASI', 'BANK RAKYAT INDONESIA', 'PASIR PANGARAIAN', 'DALU-DALU', 'KASIM', 'MACET', 'DISETUJUI'),
(77, '2020-11-13', 'FAHMI', 'KR2', 'KREDIT INVESTASI', 'BANK RAKYAT INDONESIA', 'PASIR PANGARAIAN', 'DALU-DALU', 'LUCKY DAMANIK', 'MACET', 'DISETUJUI'),
(78, '2020-11-13', 'FAHMI', 'KR2', 'KREDIT MODAL KERJA', 'BANK RAKYAT INDONESIA', 'PASIR PANGARAIAN', 'DALU-DALU', 'JANUARDI', 'MACET', 'DISETUJUI'),
(79, '2020-10-09', 'FAHMI', 'KR2', 'KREDIT INVESTASI', 'BANK RAKYAT INDONESIA', 'PASIR PANGARAIAN', 'PASIR PENGARAIAN II', 'AGUNG PRATIKTO', 'MACET', 'DISETUJUI'),
(80, '2020-12-15', 'FAHMI', 'KR2', 'KREDIT MODAL KERJA', 'BANK RAKYAT INDONESIA', 'PASIR PANGARAIAN', 'TANJUNG MEDAN', 'ARIEF ARRAHMAN', 'MACET', 'DISETUJUI'),
(81, '2020-12-15', 'FAHMI', 'KR2', 'KREDIT MODAL KERJA', 'BANK RAKYAT INDONESIA', 'PASIR PANGARAIAN', 'TANJUNG MEDAN', 'RUSWANTO', 'MACET', 'DISETUJUI'),
(82, '2020-08-11', 'FAHMI', 'KR2', 'KREDIT INVESTASI', 'BANK RAKYAT INDONESIA', 'PASIR PANGARAIAN', 'KOTA TENGAH', 'AMIRRULLAH', 'MACET', 'DISETUJUI'),
(83, '2020-08-11', 'FAHMI', 'KR2', 'KREDIT INVESTASI', 'BANK RAKYAT INDONESIA', 'PASIR PANGARAIAN', 'KOTA TENGAH', 'EDI KUSNANDI', 'MACET', 'DISETUJUI'),
(84, '2020-07-07', 'FAHMI', 'KR2', 'KREDIT INVESTASI', 'BANK RAKYAT INDONESIA', 'PASIR PANGARAIAN', 'KOTA TENGAH', 'RUDI TARJO', 'MACET', 'DISETUJUI'),
(85, '2020-08-11', 'FAHMI', 'KR2', 'KREDIT INVESTASI', 'BANK RAKYAT INDONESIA', 'PASIR PANGARAIAN', 'KOTA TENGAH', 'PRENGKI DE JONG', 'MACET', 'DISETUJUI'),
(86, '2020-03-19', 'FAHMI', 'KR2', 'KREDIT INVESTASI', 'BANK RAKYAT INDONESIA', 'PASIR PANGARAIAN', 'RAMBAH SAMO', 'ZAKI KURNIAWAN', 'MACET', 'DISETUJUI'),
(87, '2020-12-22', 'FAHMI', 'KR2', 'KREDIT MODAL KERJA', 'BANK RAKYAT INDONESIA', 'PASIR PANGARAIAN', 'KOTA TENGAH', 'SUKRARJO', 'MACET', 'DISETUJUI'),
(88, '2020-05-08', 'FAHMI', 'KR2', 'KREDIT INVESTASI', 'BANK RAKYAT INDONESIA', 'PASIR PANGARAIAN', 'PASIR PENGARAIAN I', 'LISTY TAN', 'MACET', 'DISETUJUI'),
(89, '2020-11-27', 'FAHMI', 'KR2', 'KREDIT MODAL KERJA', 'BANK RAKYAT INDONESIA', 'PASIR PANGARAIAN', 'PASIR PENGARAIAN I', 'HARLOT', 'MACET', 'DISETUJUI'),
(90, '2020-05-08', 'FAHMI', 'KR2', 'KREDIT INVESTASI', 'BANK RAKYAT INDONESIA', 'PASIR PANGARAIAN', 'RANTAU KASAI', 'WAKIDIN', 'MACET', 'DISETUJUI'),
(91, '2020-05-08', 'FAHMI', 'KR2', 'KREDIT INVESTASI', 'BANK RAKYAT INDONESIA', 'PASIR PANGARAIAN', 'RANTAU KASAI', 'ABDULLAH TARIGAN', 'MACET', 'DISETUJUI'),
(92, '2020-11-13', 'FAHMI', 'KR2', 'KREDIT MODAL KERJA', 'BANK RAKYAT INDONESIA', 'PASIR PANGARAIAN', 'DALU-DALU', 'APRI DAMANIK', 'MACET', 'DISETUJUI'),
(93, '2020-11-13', 'FAHMI', 'KR2', 'KREDIT MODAL KERJA', 'BANK RAKYAT INDONESIA', 'PASIR PANGARAIAN', 'DALU-DALU', 'TAGOR SITUMEANG', 'MACET', 'DISETUJUI'),
(94, '2020-07-07', 'FAHMI', 'KR2', 'KREDIT INVESTASI', 'BANK RAKYAT INDONESIA', 'PASIR PANGARAIAN', 'KOTA TENGAH', 'ADRIANTO', 'MACET', 'DISETUJUI'),
(95, '2020-12-04', 'FAHMI', 'KR2', 'KREDIT MODAL KERJA', 'BANK RAKYAT INDONESIA', 'PASIR PANGARAIAN', 'PASIR PENGARAIAN II', 'JAKI RAHMAN', 'MACET', 'DISETUJUI'),
(96, '2020-12-04', 'FAHMI', 'KR2', 'KREDIT MODAL KERJA', 'BANK RAKYAT INDONESIA', 'PASIR PANGARAIAN', 'PASIR PENGARAIAN II', 'FERY MALSA', 'MACET', 'DISETUJUI'),
(97, '2020-02-19', 'FAHMI', 'KR2', 'KREDIT INVESTASI', 'BANK RAKYAT INDONESIA', 'PASIR PANGARAIAN', 'PASIR PENGARAIAN II', 'ANAKA VAVA ', 'MACET', 'DITOLAK'),
(98, '2020-11-13', 'FAHMI', 'KR2', 'KREDIT MODAL KERJA', 'BANK RAKYAT INDONESIA', 'PASIR PANGARAIAN', 'DALU-DALU', 'TRI WAHYUDI', 'MACET', 'DITOLAK'),
(99, '2020-11-13', 'FAHMI', 'KR2', 'KREDIT MODAL KERJA', 'BANK RAKYAT INDONESIA', 'PASIR PANGARAIAN', 'DALU-DALU', 'M ZIKRI', 'MACET', 'DITOLAK'),
(100, '2020-12-22', 'FAHMI', 'KR2', 'KREDIT MODAL KERJA', 'BANK RAKYAT INDONESIA', 'PASIR PANGARAIAN', 'KOTA TENGAH', 'SITI USWATUN', 'MACET', 'DITOLAK'),
(101, '2019-12-29', 'NADIA', 'BRIGUNA', 'KREDIT INVESTASI', 'BANK RAKYAT INDONESIA', 'SIAK SRI INDRAPURA', 'SIAK SRI INDRAPURA', 'AGUS SAL PRIADI', 'PHK', 'DISETUJUI'),
(102, '2019-12-29', 'NADIA', 'BRIGUNA', 'KREDIT INVESTASI', 'BANK RAKYAT INDONESIA', 'SIAK SRI INDRAPURA', 'SIAK SRI INDRAPURA', 'ANANG RAHMAT', 'PHK', 'DISETUJUI'),
(103, '2019-10-03', 'NADIA', 'KR2', 'KREDIT INVESTASI', 'BANK RAKYAT INDONESIA', 'TELUK KUANTAN', 'TELUK KUANTAN I', 'ILYAS ISKANDAR', 'MACET', 'DISETUJUI'),
(104, '2019-10-03', 'NADIA', 'KR2', 'KREDIT INVESTASI', 'BANK RAKYAT INDONESIA', 'TELUK KUANTAN', 'TELUK KUANTAN I', 'IBRAHIM NUR', 'MACET', 'DISETUJUI'),
(105, '2019-10-03', 'NADIA', 'KR2', 'KREDIT INVESTASI', 'BANK RAKYAT INDONESIA', 'TELUK KUANTAN', 'TELUK KUANTAN I', 'INDAH FATHIKA', 'MACET', 'DISETUJUI'),
(106, '2019-10-03', 'NADIA', 'KR2', 'KREDIT INVESTASI', 'BANK RAKYAT INDONESIA', 'TELUK KUANTAN', 'TELUK KUANTAN I', 'SULAIMAN', 'MACET', 'DISETUJUI'),
(107, '2019-10-03', 'NADIA', 'KR2', 'KREDIT INVESTASI', 'BANK RAKYAT INDONESIA', 'TELUK KUANTAN', 'TELUK KUANTAN I', 'SONI KURNIAWAN', 'MACET', 'DISETUJUI'),
(108, '2019-10-03', 'NADIA', 'KR2', 'KREDIT INVESTASI', 'BANK RAKYAT INDONESIA', 'TELUK KUANTAN', 'TELUK KUANTAN I', 'ATIKAH FITRI UTAMI', 'MACET', 'DISETUJUI'),
(109, '2019-07-30', 'NADIA', 'MIKRO', 'KREDIT MODAL KERJA', 'BANK MANDIRI', 'CLUSTER 4 - AREA DUMAI', 'KCM DURI SIDOMULYO 1', 'ASHABUL HAMDANI', 'MACET', 'DISETUJUI'),
(110, '2019-07-30', 'NADIA', 'MIKRO', 'KREDIT MODAL KERJA', 'BANK MANDIRI', 'CLUSTER 4 - AREA DUMAI', 'KCM DURI SIDOMULYO 1', 'JOKO PRABU', 'MACET', 'DISETUJUI'),
(111, '2019-07-30', 'NADIA', 'MIKRO', 'KREDIT MODAL KERJA', 'BANK MANDIRI', 'CLUSTER 4 - AREA DUMAI', 'KCM DURI SIDOMULYO 1', 'HASSANUDIN MZ', 'MACET', 'DISETUJUI'),
(112, '2019-07-30', 'NADIA', 'MIKRO', 'KREDIT MODAL KERJA', 'BANK MANDIRI', 'CLUSTER 4 - AREA DUMAI', 'KCM DURI SIDOMULYO 1', 'KINTA MAHARANI', 'MACET', 'DISETUJUI'),
(113, '2019-07-30', 'NADIA', 'MIKRO', 'KREDIT MODAL KERJA', 'BANK MANDIRI', 'CLUSTER 4 - AREA DUMAI', 'KCM DURI SIDOMULYO 1', 'NAGITA NURTAHTI', 'MACET', 'DISETUJUI'),
(114, '2019-07-30', 'NADIA', 'MIKRO', 'KREDIT MODAL KERJA', 'BANK MANDIRI', 'CLUSTER 4 - AREA DUMAI', 'KCM DURI SIDOMULYO 1', 'CINTA FITRI', 'MACET', 'DISETUJUI'),
(115, '2019-09-16', 'NADIA', 'MIKRO', 'KREDIT MODAL KERJA', 'PEGADAIAN', 'PEKANBARU KOTA', 'UPC KERETA API', 'YOVANI KIRANA', 'MACET', 'DISETUJUI'),
(116, '2019-09-16', 'NADIA', 'MIKRO', 'KREDIT MODAL KERJA', 'PEGADAIAN', 'PEKANBARU KOTA', 'UPC KERETA API', 'CAKRA NANDA', 'MACET', 'DISETUJUI'),
(117, '2019-09-16', 'NADIA', 'MIKRO', 'KREDIT MODAL KERJA', 'PEGADAIAN', 'PEKANBARU KOTA', 'UPC KERETA API', 'INDRA ASHURA', 'MACET', 'DISETUJUI'),
(118, '2019-09-16', 'NADIA', 'MIKRO', 'KREDIT MODAL KERJA', 'PEGADAIAN', 'PEKANBARU KOTA', 'UPC KERETA API', 'WAHYU KURNIA ADI', 'MACET', 'DISETUJUI'),
(119, '2021-04-01', 'RIKA', 'KR2', 'KREDIT INVESTASI', 'BANK RAKYAT INDONESIA', 'TUANKU TAMBUSAI', 'KUALU', 'YUSRONGGANI', 'MACET', 'DISETUJUI'),
(120, '2021-04-01', 'RIKA', 'KR2', 'KREDIT INVESTASI', 'BANK RAKYAT INDONESIA', 'TUANKU TAMBUSAI', 'KUALU', 'CAHYADI SIAGIAN', 'MACET', 'DISETUJUI'),
(121, '2021-06-04', 'RIKA', 'KR2', 'KREDIT MODAL KERJA', 'BANK RAKYAT INDONESIA', 'TUANKU TAMBUSAI', 'PAUS', 'SISKA SANDRA NOVEKI', 'MACET', 'DISETUJUI'),
(122, '2021-06-14', 'RIKA', 'KR2', 'KREDIT MODAL KERJA', 'BANK RAKYAT INDONESIA', 'TUANKU TAMBUSAI', 'PAUS', 'IKE RIKE CITRA LAKSANA', 'MACET', 'DISETUJUI'),
(123, '2021-06-04', 'RIKA', 'KR2', 'KREDIT MODAL KERJA', 'BANK RAKYAT INDONESIA', 'TUANKU TAMBUSAI', 'PAUS', 'SUPRIADI', 'MACET', 'DISETUJUI'),
(124, '2021-02-16', 'RIKA', 'KR2', 'KREDIT MODAL KERJA', 'BANK RAKYAT INDONESIA', 'TUANKU TAMBUSAI', 'PAUS', 'ZUNAIDI', 'MACET', 'DISETUJUI'),
(125, '2021-06-04', 'RIKA', 'KR2', 'KREDIT INVESTASI', 'BANK RAKYAT INDONESIA', 'TUANKU TAMBUSAI', 'PANTAI CERMIN', 'LILIS SURIANI', 'MACET', 'DISETUJUI'),
(126, '2021-06-04', 'RIKA', 'KR2', 'KREDIT INVESTASI', 'BANK RAKYAT INDONESIA', 'TUANKU TAMBUSAI', 'PANTAI CERMIN', 'DESY CRISTIN PANJAITAN', 'MACET', 'DISETUJUI'),
(127, '2021-04-09', 'RIKA', 'KR2', 'KREDIT INVESTASI', 'BANK RAKYAT INDONESIA', 'TUANKU TAMBUSAI', 'SIGUNGGUNG', 'DEDE WAHIDIN', 'MACET', 'DISETUJUI'),
(128, '2021-02-22', 'RIKA', 'KR2', 'KREDIT MODAL KERJA', 'BANK RAKYAT INDONESIA', 'TUANKU TAMBUSAI', 'SIGUNGGUNG', 'SAFRIL', 'MACET', 'DISETUJUI'),
(129, '2021-06-24', 'RIKA', 'KR2', 'KREDIT INVESTASI', 'BANK RAKYAT INDONESIA', 'TUANKU TAMBUSAI', 'SIGUNGGUNG', 'RONAL BATUBARA', 'MACET', 'DISETUJUI'),
(130, '2021-07-08', 'RIKA', 'KR2', 'KREDIT INVESTASI', 'BANK RAKYAT INDONESIA', 'TUANKU TAMBUSAI', 'SIGUNGGUNG', 'NASRUL', 'MACET', 'DISETUJUI'),
(131, '2021-07-08', 'RIKA', 'KR2', 'KREDIT MODAL KERJA', 'BANK RAKYAT INDONESIA', 'TUANKU TAMBUSAI', 'SIGUNGGUNG', 'HARDYO PUTRA MULYA', 'MACET', 'DISETUJUI'),
(132, '2021-06-16', 'RIKA', 'KR2', 'KREDIT MODAL KERJA', 'BANK RAKYAT INDONESIA', 'TUANKU TAMBUSAI', 'KOTA BERTUAH', 'SARI NADHIRA', 'MACET', 'DISETUJUI'),
(133, '2021-06-23', 'RIKA', 'KR2', 'KREDIT INVESTASI', 'BANK RAKYAT INDONESIA', 'TUANKU TAMBUSAI', 'TUANKU TAMBUSAI', 'KHAIRUL', 'MACET', 'DISETUJUI'),
(134, '2021-06-23', 'RIKA', 'KR2', 'KREDIT MODAL KERJA', 'BANK RAKYAT INDONESIA', 'TUANKU TAMBUSAI', 'TUANKU TAMBUSAI', 'NURLELI', 'MACET', 'DISETUJUI'),
(135, '2021-06-23', 'RIKA', 'KR2', 'KREDIT MODAL KERJA', 'BANK RAKYAT INDONESIA', 'TUANKU TAMBUSAI', 'TUANKU TAMBUSAI', 'WIWIRIA ROFINDA', 'MACET', 'DISETUJUI'),
(136, '2021-06-23', 'RIKA', 'KR2', 'KREDIT MODAL KERJA', 'BANK RAKYAT INDONESIA', 'TUANKU TAMBUSAI', 'TUANKU TAMBUSAI', 'AFRINALDO ANDES PUTRA', 'MACET', 'DISETUJUI'),
(137, '2021-06-23', 'RIKA', 'KR2', 'KREDIT MODAL KERJA', 'BANK RAKYAT INDONESIA', 'TUANKU TAMBUSAI', 'TUANKU TAMBUSAI', 'RIKO RUSMANTO', 'MACET', 'DISETUJUI'),
(138, '2021-06-23', 'RIKA', 'KR2', 'KREDIT MODAL KERJA', 'BANK RAKYAT INDONESIA', 'TUANKU TAMBUSAI', 'TUANKU TAMBUSAI', 'WAHADI', 'MACET', 'DISETUJUI'),
(139, '2021-07-26', 'RIKA', 'KR2', 'KREDIT MODAL KERJA', 'BANK RAKYAT INDONESIA', 'TUANKU TAMBUSAI', 'PALAPA', 'BUDIANTO', 'MACET', 'DISETUJUI'),
(140, '2021-07-07', 'RIKA', 'KR2', 'KREDIT INVESTASI', 'BANK RAKYAT INDONESIA', 'TUANKU TAMBUSAI', 'PANTAI CERMIN', 'PRIDI ADI ANTORO', 'MACET', 'DISETUJUI'),
(141, '2021-07-07', 'RIKA', 'KR2', 'KREDIT INVESTASI', 'BANK RAKYAT INDONESIA', 'TUANKU TAMBUSAI', 'PANTAI CERMIN', 'MULYADI', 'MACET', 'DISETUJUI'),
(142, '2021-06-23', 'RIKA', 'KR2', 'KREDIT INVESTASI', 'BANK RAKYAT INDONESIA', 'TUANKU TAMBUSAI', 'TUANKU TAMBUSAI', 'ROSDELIANA PANJAITAN', 'MACET', 'DISETUJUI'),
(143, '2021-06-23', 'RIKA', 'KR2', 'KREDIT INVESTASI', 'BANK RAKYAT INDONESIA', 'TUANKU TAMBUSAI', 'TUANKU TAMBUSAI', 'SYAHRUL RAMADHAN', 'MACET', 'DISETUJUI'),
(144, '2021-06-23', 'RIKA', 'KR2', 'KREDIT MODAL KERJA', 'BANK RAKYAT INDONESIA', 'TUANKU TAMBUSAI', 'TUANKU TAMBUSAI', 'SITI SOFIAH', 'MACET', 'DISETUJUI'),
(145, '2021-08-10', 'RIKA', 'KR2', 'KREDIT MODAL KERJA', 'BANK RAKYAT INDONESIA', 'TUANKU TAMBUSAI', 'SIGUNGGUNG', 'AZWARNIATI', 'MACET', 'DISETUJUI'),
(146, '2021-08-10', 'RIKA', 'KR2', 'KREDIT MODAL KERJA', 'BANK RAKYAT INDONESIA', 'TUANKU TAMBUSAI', 'SIGUNGGUNG', 'EDI JENDRI ANTO', 'MACET', 'DISETUJUI'),
(147, '2021-08-10', 'RIKA', 'KR2', 'KREDIT MODAL KERJA', 'BANK RAKYAT INDONESIA', 'TUANKU TAMBUSAI', 'SIGUNGGUNG', 'TAUFIK HIDAYAT', 'MACET', 'DISETUJUI'),
(148, '2021-08-12', 'RIKA', 'KR2', 'KREDIT INVESTASI', 'BANK RAKYAT INDONESIA', 'TUANKU TAMBUSAI', 'KOTA BERTUAH', 'NUR SIYAH', 'MACET', 'DISETUJUI'),
(149, '2021-08-12', 'RIKA', 'KR2', 'KREDIT MODAL KERJA', 'BANK RAKYAT INDONESIA', 'TUANKU TAMBUSAI', 'KOTA BERTUAH', 'M TAUFIQ TAMPUBOLON', 'MACET', 'DISETUJUI'),
(150, '2021-07-01', 'RIKA', 'KR2', 'KREDIT MODAL KERJA', 'BANK RAKYAT INDONESIA', 'TUANKU TAMBUSAI', 'PAUS', 'MUHARDI', 'MACET', 'DISETUJUI');

-- --------------------------------------------------------

--
-- Table structure for table `dim_bank`
--

CREATE TABLE `dim_bank` (
  `id_bank` int(11) NOT NULL,
  `bank` varchar(50) DEFAULT NULL
) ENGINE=InnoDB DEFAULT CHARSET=utf8mb4 COLLATE=utf8mb4_general_ci;

--
-- Dumping data for table `dim_bank`
--

INSERT INTO `dim_bank` (`id_bank`, `bank`) VALUES
(1, 'BANK RAKYAT INDONESIA'),
(2, 'BANK AGRONIAGA'),
(3, 'BANK MANDIRI'),
(4, 'PEGADAIAN');

-- --------------------------------------------------------

--
-- Table structure for table `dim_cabang`
--

CREATE TABLE `dim_cabang` (
  `id_cabang` int(11) NOT NULL,
  `cabang` varchar(255) DEFAULT NULL
) ENGINE=InnoDB DEFAULT CHARSET=utf8mb4 COLLATE=utf8mb4_general_ci;

--
-- Dumping data for table `dim_cabang`
--

INSERT INTO `dim_cabang` (`id_cabang`, `cabang`) VALUES
(1, 'PASIR PANGARAIAN'),
(2, 'RENGAT'),
(3, 'TEMBILAHAN'),
(4, 'TUANKU TAMBUSAI'),
(5, 'KCP KASIKAN'),
(6, 'KCP UJUNG BATU'),
(7, 'BANGKINANG'),
(8, 'SIAK SRI INDRAPURA'),
(9, 'TELUK KUANTAN'),
(10, 'CLUSTER 4 - AREA DUMAI'),
(11, 'PEKANBARU KOTA');

-- --------------------------------------------------------

--
-- Table structure for table `dim_penyebab_klaim`
--

CREATE TABLE `dim_penyebab_klaim` (
  `id_penyebab_klaim` int(11) NOT NULL,
  `penyebab_klaim` varchar(50) DEFAULT NULL
) ENGINE=InnoDB DEFAULT CHARSET=utf8mb4 COLLATE=utf8mb4_general_ci;

--
-- Dumping data for table `dim_penyebab_klaim`
--

INSERT INTO `dim_penyebab_klaim` (`id_penyebab_klaim`, `penyebab_klaim`) VALUES
(1, 'MACET'),
(2, 'MENINGGAL'),
(3, 'PHK');

-- --------------------------------------------------------

--
-- Table structure for table `dim_produk`
--

CREATE TABLE `dim_produk` (
  `id_produk` int(11) NOT NULL,
  `produk` varchar(50) DEFAULT NULL
) ENGINE=InnoDB DEFAULT CHARSET=utf8mb4 COLLATE=utf8mb4_general_ci;

--
-- Dumping data for table `dim_produk`
--

INSERT INTO `dim_produk` (`id_produk`, `produk`) VALUES
(1, 'KR2'),
(2, 'KUPRA'),
(3, 'MULTIGUNA'),
(4, 'BRIGUNA'),
(5, 'MIKRO');

-- --------------------------------------------------------

--
-- Table structure for table `dim_sektor_usaha`
--

CREATE TABLE `dim_sektor_usaha` (
  `id_sektor_usaha` int(11) NOT NULL,
  `sektor_usaha` varchar(50) DEFAULT NULL
) ENGINE=InnoDB DEFAULT CHARSET=utf8mb4 COLLATE=utf8mb4_general_ci;

--
-- Dumping data for table `dim_sektor_usaha`
--

INSERT INTO `dim_sektor_usaha` (`id_sektor_usaha`, `sektor_usaha`) VALUES
(1, 'KREDIT INVESTASI'),
(2, 'KREDIT MODAL KERJA'),
(3, 'MULTIGUNA');

-- --------------------------------------------------------

--
-- Table structure for table `dim_staf`
--

CREATE TABLE `dim_staf` (
  `id_staf` int(11) NOT NULL,
  `staf` varchar(50) DEFAULT NULL
) ENGINE=InnoDB DEFAULT CHARSET=utf8mb4 COLLATE=utf8mb4_general_ci;

--
-- Dumping data for table `dim_staf`
--

INSERT INTO `dim_staf` (`id_staf`, `staf`) VALUES
(1, 'FAHMI'),
(2, 'NADIA'),
(3, 'RIKA');

-- --------------------------------------------------------

--
-- Table structure for table `dim_status`
--

CREATE TABLE `dim_status` (
  `id_status` int(11) NOT NULL,
  `status` varchar(50) DEFAULT NULL
) ENGINE=InnoDB DEFAULT CHARSET=utf8mb4 COLLATE=utf8mb4_general_ci;

--
-- Dumping data for table `dim_status`
--

INSERT INTO `dim_status` (`id_status`, `status`) VALUES
(1, 'DISETUJUI'),
(2, 'DITOLAK');

-- --------------------------------------------------------

--
-- Table structure for table `dim_waktu`
--

CREATE TABLE `dim_waktu` (
  `id_waktu` int(11) NOT NULL,
  `waktu` int(11) DEFAULT NULL
) ENGINE=InnoDB DEFAULT CHARSET=utf8mb4 COLLATE=utf8mb4_general_ci;

--
-- Dumping data for table `dim_waktu`
--

INSERT INTO `dim_waktu` (`id_waktu`, `waktu`) VALUES
(1, 2019),
(2, 2020),
(3, 2021);

-- --------------------------------------------------------

--
-- Table structure for table `fact_nasabah`
--

CREATE TABLE `fact_nasabah` (
  `id_fact` int(11) NOT NULL,
  `id_waktu` int(11) DEFAULT NULL,
  `id_staf` int(11) DEFAULT NULL,
  `id_produk` int(11) DEFAULT NULL,
  `id_sektor_usaha` int(11) DEFAULT NULL,
  `id_bank` int(11) DEFAULT NULL,
  `id_cabang` int(11) DEFAULT NULL,
  `id_penyebab_klaim` int(11) DEFAULT NULL,
  `id_status` int(11) DEFAULT NULL,
  `jumlah_nasabah` int(11) DEFAULT NULL,
  `persentase_nasabah` decimal(5,2) DEFAULT NULL
) ENGINE=InnoDB DEFAULT CHARSET=utf8mb4 COLLATE=utf8mb4_general_ci;

--
-- Dumping data for table `fact_nasabah`
--

INSERT INTO `fact_nasabah` (`id_fact`, `id_waktu`, `id_staf`, `id_produk`, `id_sektor_usaha`, `id_bank`, `id_cabang`, `id_penyebab_klaim`, `id_status`, `jumlah_nasabah`, `persentase_nasabah`) VALUES
(1, 1, 1, 1, 1, 1, 1, 1, 1, 8, '5.33'),
(2, 1, 1, 1, 1, 1, 1, 1, 2, 2, '1.33'),
(3, 1, 1, 1, 2, 1, 2, 1, 1, 5, '3.33'),
(4, 1, 1, 2, 1, 1, 2, 1, 1, 1, '0.67'),
(5, 1, 1, 1, 1, 1, 3, 1, 1, 9, '6.00'),
(6, 1, 1, 1, 2, 1, 3, 1, 1, 25, '16.67'),
(7, 1, 1, 2, 2, 1, 3, 1, 1, 2, '1.33'),
(8, 1, 1, 1, 1, 1, 3, 1, 2, 1, '0.67'),
(9, 1, 1, 1, 2, 1, 4, 1, 2, 3, '2.00'),
(10, 1, 1, 1, 1, 1, 4, 1, 1, 2, '1.33'),
(11, 1, 1, 1, 2, 1, 4, 1, 1, 2, '1.33'),
(12, 2, 1, 3, 1, 2, 5, 2, 1, 2, '1.33'),
(13, 2, 1, 3, 3, 2, 5, 2, 1, 1, '0.67'),
(14, 2, 1, 3, 3, 2, 6, 2, 1, 2, '1.33'),
(15, 2, 1, 3, 1, 2, 6, 1, 1, 1, '0.67'),
(16, 2, 1, 3, 2, 2, 6, 1, 1, 1, '0.67'),
(17, 2, 1, 1, 2, 1, 7, 1, 1, 3, '2.00'),
(18, 2, 1, 1, 1, 1, 1, 1, 1, 15, '10.00'),
(19, 2, 1, 1, 2, 1, 1, 1, 2, 4, '2.67'),
(20, 2, 1, 1, 2, 1, 1, 1, 1, 10, '6.67'),
(21, 2, 1, 1, 1, 1, 1, 1, 2, 1, '0.67'),
(22, 1, 2, 4, 1, 1, 8, 3, 1, 2, '1.33'),
(23, 1, 2, 1, 1, 1, 9, 1, 1, 6, '4.00'),
(24, 1, 2, 5, 2, 3, 10, 1, 1, 6, '4.00'),
(25, 1, 2, 5, 2, 4, 11, 1, 1, 4, '2.67'),
(26, 3, 3, 1, 1, 1, 4, 1, 1, 13, '8.67'),
(27, 3, 3, 1, 2, 1, 4, 1, 1, 19, '12.67');

-- --------------------------------------------------------

--
-- Table structure for table `user`
--

CREATE TABLE `user` (
  `id_user` int(11) NOT NULL,
  `nama_user` varchar(200) NOT NULL,
  `username` varchar(20) NOT NULL,
  `password` varchar(20) NOT NULL,
  `level` int(5) NOT NULL
) ENGINE=InnoDB DEFAULT CHARSET=utf8mb4 COLLATE=utf8mb4_general_ci;

--
-- Dumping data for table `user`
--

INSERT INTO `user` (`id_user`, `nama_user`, `username`, `password`, `level`) VALUES
(1, 'Administrator', 'admin', 'admin', 0),
(3, 'Rendi', 'rendi', 'rendi', 1);

--
-- Indexes for dumped tables
--

--
-- Indexes for table `dim_bank`
--
ALTER TABLE `dim_bank`
  ADD PRIMARY KEY (`id_bank`);

--
-- Indexes for table `dim_cabang`
--
ALTER TABLE `dim_cabang`
  ADD PRIMARY KEY (`id_cabang`);

--
-- Indexes for table `dim_penyebab_klaim`
--
ALTER TABLE `dim_penyebab_klaim`
  ADD PRIMARY KEY (`id_penyebab_klaim`);

--
-- Indexes for table `dim_produk`
--
ALTER TABLE `dim_produk`
  ADD PRIMARY KEY (`id_produk`);

--
-- Indexes for table `dim_sektor_usaha`
--
ALTER TABLE `dim_sektor_usaha`
  ADD PRIMARY KEY (`id_sektor_usaha`);

--
-- Indexes for table `dim_staf`
--
ALTER TABLE `dim_staf`
  ADD PRIMARY KEY (`id_staf`);

--
-- Indexes for table `dim_status`
--
ALTER TABLE `dim_status`
  ADD PRIMARY KEY (`id_status`);

--
-- Indexes for table `dim_waktu`
--
ALTER TABLE `dim_waktu`
  ADD PRIMARY KEY (`id_waktu`);

--
-- Indexes for table `fact_nasabah`
--
ALTER TABLE `fact_nasabah`
  ADD PRIMARY KEY (`id_fact`),
  ADD KEY `id_waktu` (`id_waktu`),
  ADD KEY `id_staf` (`id_staf`),
  ADD KEY `id_produk` (`id_produk`),
  ADD KEY `id_sektor_usaha` (`id_sektor_usaha`),
  ADD KEY `id_bank` (`id_bank`),
  ADD KEY `id_cabang` (`id_cabang`),
  ADD KEY `id_penyebab_klaim` (`id_penyebab_klaim`),
  ADD KEY `id_status` (`id_status`);

--
-- Indexes for table `user`
--
ALTER TABLE `user`
  ADD PRIMARY KEY (`id_user`);

--
-- AUTO_INCREMENT for dumped tables
--

--
-- AUTO_INCREMENT for table `dim_bank`
--
ALTER TABLE `dim_bank`
  MODIFY `id_bank` int(11) NOT NULL AUTO_INCREMENT, AUTO_INCREMENT=5;

--
-- AUTO_INCREMENT for table `dim_cabang`
--
ALTER TABLE `dim_cabang`
  MODIFY `id_cabang` int(11) NOT NULL AUTO_INCREMENT, AUTO_INCREMENT=12;

--
-- AUTO_INCREMENT for table `dim_penyebab_klaim`
--
ALTER TABLE `dim_penyebab_klaim`
  MODIFY `id_penyebab_klaim` int(11) NOT NULL AUTO_INCREMENT, AUTO_INCREMENT=4;

--
-- AUTO_INCREMENT for table `dim_produk`
--
ALTER TABLE `dim_produk`
  MODIFY `id_produk` int(11) NOT NULL AUTO_INCREMENT, AUTO_INCREMENT=6;

--
-- AUTO_INCREMENT for table `dim_sektor_usaha`
--
ALTER TABLE `dim_sektor_usaha`
  MODIFY `id_sektor_usaha` int(11) NOT NULL AUTO_INCREMENT, AUTO_INCREMENT=4;

--
-- AUTO_INCREMENT for table `dim_staf`
--
ALTER TABLE `dim_staf`
  MODIFY `id_staf` int(11) NOT NULL AUTO_INCREMENT, AUTO_INCREMENT=4;

--
-- AUTO_INCREMENT for table `dim_status`
--
ALTER TABLE `dim_status`
  MODIFY `id_status` int(11) NOT NULL AUTO_INCREMENT, AUTO_INCREMENT=3;

--
-- AUTO_INCREMENT for table `dim_waktu`
--
ALTER TABLE `dim_waktu`
  MODIFY `id_waktu` int(11) NOT NULL AUTO_INCREMENT, AUTO_INCREMENT=4;

--
-- AUTO_INCREMENT for table `fact_nasabah`
--
ALTER TABLE `fact_nasabah`
  MODIFY `id_fact` int(11) NOT NULL AUTO_INCREMENT, AUTO_INCREMENT=28;

--
-- AUTO_INCREMENT for table `user`
--
ALTER TABLE `user`
  MODIFY `id_user` int(11) NOT NULL AUTO_INCREMENT, AUTO_INCREMENT=5;
COMMIT;

/*!40101 SET CHARACTER_SET_CLIENT=@OLD_CHARACTER_SET_CLIENT */;
/*!40101 SET CHARACTER_SET_RESULTS=@OLD_CHARACTER_SET_RESULTS */;
/*!40101 SET COLLATION_CONNECTION=@OLD_COLLATION_CONNECTION */;
